DepTime,ArrDelay,DayOfWeek,FlightNum,Origin,Dest
860.0,31.0,5,1615,ORD,SEA
1294.0,1.0,4,293,JFK,SEA
1130.0,-2.0,4,1285,ORD,BOS
1095.0,18.0,4,446,DFW,BOS
1638.0,-1.0,5,1050,LAX,MIA
2169.0,113.0,7,1484,ATL,MIA
466.0,-12.0,6,1892,DFW,SFO
1238.0,-13.0,4,1707,JFK,SEA
330.0,-30.0,2,1210,ATL,SEA
1482.0,47.0,5,1385,LAX,BOS
2135.0,84.0,4,313,DFW,SFO
130.0,82.0,7,1788,ATL,SEA
1685.0,83.0,6,1845,DFW,SFO
769.0,32.0,5,672,DFW,SFO
2391.0,101.0,3,879,LAX,BOS
1515.0,98.0,6,361,ORD,SFO
1215.0,-23.0,2,829,ATL,MIA
955.0,24.0,4,382,LAX,MIA
2324.0,72.0,7,1771,DFW,DEN
1184.0,100.0,3,1590,LAX,BOS
459.0,1.0,7,1503,ORD,DEN
21.0,-21.0,3,461,ATL,MIA
2300.0,79.0,5,1572,ORD,DEN
747.0,93.0,3,540,JFK,BOS
474.0,56.0,2,192,ATL,BOS
1082.0,24.0,2,1744,ORD,SFO
2047.0,1.0,1,852,DFW,SEA
975.0,104.0,2,966,ATL,SFO
1806.0,62.0,6,1547,ATL,BOS
189.0,-23.0,3,241,LAX,MIA
562.0,34.0,2,1414,DFW,MIA
1899.0,26.0,5,1555,JFK,SFO
1267.0,36.0,7,848,ORD,BOS
1528.0,41.0,7,1975,LAX,MIA
646.0,23.0,1,1947,ORD,BOS
2068.0,36.0,7,1812,JFK,MIA
2214.0,20.0,3,752,JFK,BOS
1297.0,66.0,1,800,ATL,DEN
600.0,61.0,3,1097,JFK,BOS
2363.0,-23.0,5,148,ORD,BOS
2061.0,4.0,1,1425,DFW,SFO
241.0,65.0,4,980,DFW,DEN
2041.0,,6,1313,ATL,SEA
1363.0,47.0,6,1259,ORD,SFO
2139.0,1.0,3,654,ORD,SEA
1390.0,89.0,7,503,JFK,MIA
1478.0,15.0,4,991,ORD,SEA
775.0,113.0,1,964,LAX,BOS
34.0,111.0,4,701,JFK,SEA
2253.0,24.0,4,1930,LAX,SFO
1955.0,-24.0,7,440,ATL,SFO
1585.0,43.0,1,1880,DFW,SEA
1021.0,-24.0,5,803,ATL,SFO
1129.0,54.0,7,417,DFW,SFO
,116.0,4,717,ATL,SEA
702.0,81.0,4,1486,ORD,DEN
1579.0,94.0,5,1945,LAX,DEN
161.0,116.0,4,481,DFW,MIA
201.0,5.0,4,332,JFK,SFO
1981.0,-2.0,4,1900,LAX,SEA
995.0,51.0,6,1467,JFK,SFO
2317.0,-29.0,7,1672,LAX,BOS
815.0,98.0,2,916,LAX,SFO
455.0,16.0,7,652,ATL,SFO
1275.0,117.0,5,1652,DFW,DEN
1016.0,-20.0,4,955,DFW,SEA
2343.0,99.0,7,1912,LAX,SFO
337.0,88.0,6,918,ORD,DEN
878.0,109.0,5,1694,ORD,MIA
1076.0,-11.0,3,282,JFK,DEN
791.0,-26.0,7,1164,JFK,DEN
,6.0,3,1674,ATL,DEN
763.0,106.0,4,496,LAX,SFO
2235.0,22.0,6,1827,JFK,SFO
379.0,68.0,6,878,JFK,MIA
,55.0,7,1617,LAX,BOS
1180.0,77.0,5,1782,ATL,BOS
2062.0,-7.0,5,1006,JFK,BOS
64.0,50.0,6,1456,ATL,MIA
1367.0,89.0,5,226,DFW,BOS
1152.0,28.0,6,1681,ATL,BOS
2027.0,97.0,7,1680,ORD,DEN
1495.0,83.0,2,100,ORD,SFO
1162.0,84.0,6,1291,ATL,SFO
1522.0,-17.0,3,1743,ORD,DEN
391.0,-22.0,5,118,DFW,DEN
1698.0,9.0,6,1455,LAX,DEN
,-6.0,6,683,ORD,SFO
2336.0,72.0,7,555,ORD,BOS
378.0,-9.0,5,1056,ATL,DEN
1796.0,-27.0,2,1232,DFW,MIA
2278.0,-2.0,7,1391,LAX,DEN
2088.0,78.0,2,544,ATL,SEA
2182.0,67.0,7,1363,ATL,DEN
200.0,6.0,5,1424,DFW,SFO
1863.0,44.0,1,701,LAX,DEN
779.0,39.0,5,202,DFW,SEA
502.0,115.0,5,1087,LAX,MIA
1751.0,97.0,2,1373,DFW,BOS
804.0,54.0,2,1576,ATL,DEN
2146.0,11.0,5,619,ATL,SEA
1895.0,69.0,5,1276,JFK,SEA
1570.0,10.0,5,958,ORD,MIA
960.0,3.0,2,273,DFW,SFO
1485.0,-14.0,5,1466,JFK,DEN
1028.0,91.0,5,1793,ORD,SEA
502.0,45.0,4,1104,DFW,MIA
397.0,56.0,1,530,LAX,BOS
870.0,86.0,3,826,ORD,SEA
392.0,75.0,1,1812,ATL,MIA
206.0,55.0,4,1810,JFK,SFO
1038.0,-4.0,3,1975,ORD,SFO
1881.0,26.0,7,949,ORD,SEA
1484.0,0.0,5,1781,ATL,SEA
,103.0,4,1447,DFW,DEN
563.0,67.0,7,1089,LAX,MIA
1020.0,-19.0,5,1796,ATL,SEA
95.0,22.0,2,738,LAX,DEN
1923.0,107.0,6,519,DFW,DEN
,114.0,4,693,ORD,SEA
2278.0,91.0,2,584,LAX,SFO
1678.0,15.0,4,1782,JFK,MIA
540.0,33.0,4,1874,JFK,MIA
1059.0,99.0,2,511,ATL,SFO
1183.0,23.0,3,1035,DFW,SEA
1722.0,76.0,1,1207,ATL,MIA
1819.0,20.0,5,1236,ATL,SEA
1597.0,5.0,4,1860,ATL,SEA
795.0,84.0,5,431,JFK,DEN
1051.0,-5.0,6,1501,JFK,SFO
1643.0,-2.0,2,1878,ATL,SEA
,118.0,5,754,JFK,BOS
1981.0,-20.0,2,140,DFW,SFO
1354.0,,5,1893,ATL,MIA
1663.0,-20.0,1,1058,JFK,DEN
1529.0,82.0,1,1920,LAX,MIA
2038.0,8.0,1,204,ATL,MIA
1496.0,23.0,1,301,ATL,SFO
2237.0,67.0,1,549,DFW,MIA
1408.0,24.0,1,1942,ORD,SEA
1400.0,80.0,2,1966,ORD,MIA
1306.0,119.0,4,1389,DFW,DEN
972.0,38.0,5,1009,DFW,DEN
1768.0,25.0,1,309,DFW,BOS
1282.0,2.0,2,662,ORD,DEN
709.0,5.0,2,1241,DFW,MIA
1479.0,117.0,2,812,JFK,DEN
1434.0,50.0,4,1500,ATL,SFO
648.0,78.0,5,1674,ATL,DEN
317.0,42.0,4,1663,LAX,SEA
1257.0,9.0,3,870,LAX,SFO
683.0,-14.0,7,1207,ATL,BOS
663.0,98.0,2,553,JFK,SEA
1998.0,30.0,3,766,ORD,MIA
1631.0,73.0,6,728,ORD,MIA
1495.0,11.0,1,1637,JFK,MIA
1136.0,-6.0,7,1728,ORD,SEA
1853.0,8.0,1,1801,DFW,SEA
1520.0,4.0,4,486,ATL,SEA
563.0,100.0,7,1473,ATL,SFO
1291.0,77.0,5,395,JFK,SFO
1636.0,71.0,3,357,ORD,MIA
698.0,67.0,5,1204,LAX,DEN
2160.0,-19.0,4,367,LAX,MIA
1.0,-12.0,1,518,ORD,BOS
641.0,70.0,7,334,LAX,SFO
2267.0,13.0,5,1956,JFK,SEA
1589.0,18.0,5,1434,JFK,SFO
854.0,-14.0,1,1936,ORD,SEA
1759.0,43.0,7,1085,LAX,BOS
1661.0,26.0,3,1480,JFK,BOS
1153.0,24.0,1,1336,JFK,SFO
1076.0,16.0,5,673,DFW,SEA
1707.0,-19.0,3,148,DFW,BOS
1695.0,31.0,3,1250,JFK,MIA
1733.0,49.0,1,322,ORD,MIA
1439.0,52.0,5,1020,ATL,SEA
2294.0,-23.0,4,1402,ATL,SFO
835.0,118.0,5,1531,JFK,BOS
202.0,50.0,2,1628,JFK,SFO
122.0,87.0,7,1417,JFK,MIA
400.0,-6.0,6,1919,ORD,BOS
766.0,58.0,4,376,DFW,SFO
293.0,-19.0,3,1561,JFK,DEN
2327.0,112.0,4,1230,JFK,SEA
197.0,28.0,7,1781,LAX,SEA
1930.0,78.0,3,519,ORD,DEN
2191.0,-5.0,7,710,JFK,MIA
608.0,16.0,3,1552,LAX,BOS
1147.0,1.0,4,474,ATL,SEA
186.0,-21.0,3,172,JFK,DEN
1794.0,-15.0,3,1757,JFK,DEN
659.0,114.0,2,1153,LAX,MIA
1955.0,-5.0,5,1311,ORD,MIA
1369.0,55.0,5,1487,JFK,SFO
1986.0,104.0,6,1989,ATL,SEA
1534.0,-17.0,6,1923,JFK,SFO
146.0,48.0,2,1574,ATL,DEN
1734.0,86.0,6,294,DFW,BOS
1843.0,-24.0,7,1279,DFW,BOS
488.0,106.0,4,1295,ATL,MIA
1959.0,84.0,1,946,ORD,BOS
1663.0,41.0,7,1164,JFK,BOS
2385.0,28.0,1,1186,JFK,BOS
640.0,51.0,1,122,DFW,DEN
1802.0,85.0,2,459,ATL,BOS
1969.0,,7,1198,JFK,BOS
2198.0,72.0,2,659,JFK,BOS
1438.0,-14.0,3,771,ORD,SFO
1634.0,-17.0,1,1948,LAX,DEN
262.0,77.0,4,1241,DFW,MIA
1787.0,14.0,6,1735,DFW,SFO
2191.0,67.0,4,1503,LAX,SEA
2393.0,100.0,6,778,JFK,DEN
623.0,,1,1413,ORD,DEN
1016.0,77.0,1,539,ORD,SEA
880.0,8.0,1,1791,DFW,SEA
2049.0,-16.0,2,1032,ORD,SEA
1327.0,89.0,7,106,LAX,MIA
2301.0,-27.0,6,1319,JFK,BOS
452.0,62.0,7,520,LAX,DEN
1183.0,110.0,2,1691,ATL,BOS
2056.0,-15.0,2,932,DFW,BOS
1682.0,77.0,5,1316,ORD,SEA
2255.0,95.0,4,658,ATL,MIA
1154.0,24.0,4,1271,ORD,SFO
403.0,3.0,3,1910,JFK,MIA
2199.0,-18.0,2,1792,JFK,BOS
2101.0,110.0,6,1325,JFK,MIA
1696.0,-13.0,5,1567,ORD,SEA
627.0,65.0,5,1013,ATL,SFO
586.0,92.0,7,1542,JFK,SEA
1648.0,8.0,4,1550,ATL,SFO
1443.0,15.0,2,1106,ORD,BOS
1445.0,-2.0,3,1602,ATL,SFO
103.0,31.0,2,1598,ORD,SFO
253.0,-15.0,7,225,ORD,SFO
1496.0,90.0,1,494,DFW,MIA
98.0,-21.0,2,916,ORD,MIA
2200.0,72.0,7,980,ORD,BOS
1884.0,53.0,1,1929,LAX,SFO
1919.0,102.0,1,675,JFK,DEN
877.0,34.0,3,424,DFW,BOS
337.0,-28.0,6,1515,DFW,SFO
,111.0,4,1029,DFW,SFO
1704.0,89.0,2,1811,LAX,MIA
160.0,37.0,1,1751,ORD,BOS
1603.0,115.0,2,1563,JFK,SFO
397.0,6.0,6,1327,ATL,SFO
1300.0,42.0,4,1609,ORD,BOS
815.0,112.0,6,932,LAX,DEN
1527.0,18.0,4,1154,ORD,BOS
1919.0,90.0,5,1511,ORD,BOS
1415.0,57.0,4,1748,LAX,DEN
1158.0,109.0,3,1557,DFW,BOS
,6.0,6,936,DFW,SFO
400.0,30.0,1,1025,JFK,BOS
639.0,93.0,5,1499,JFK,DEN
459.0,8.0,3,1467,DFW,SEA
954.0,32.0,2,542,ATL,BOS
469.0,15.0,6,1702,ORD,MIA
1045.0,57.0,7,174,ATL,SFO
1693.0,-20.0,7,656,ORD,SFO
2085.0,31.0,1,1895,DFW,MIA
2277.0,46.0,4,1789,JFK,MIA
562.0,21.0,1,1278,JFK,BOS
1799.0,-27.0,7,1553,ATL,MIA
2074.0,28.0,2,462,JFK,SEA
225.0,41.0,5,547,DFW,DEN
797.0,117.0,5,1357,ATL,MIA
2331.0,62.0,6,1686,ORD,MIA
959.0,32.0,5,1941,JFK,SEA
1504.0,23.0,6,361,LAX,SFO
452.0,86.0,6,1950,JFK,SFO
815.0,79.0,6,224,ORD,BOS
658.0,43.0,7,1010,ATL,SEA
546.0,76.0,7,344,ORD,DEN
1215.0,26.0,4,641,LAX,DEN
16.0,-28.0,3,584,DFW,SEA
1243.0,89.0,6,221,JFK,DEN
2205.0,-25.0,6,224,ATL,SFO
1069.0,-26.0,3,1672,DFW,DEN
2146.0,-26.0,1,269,ORD,DEN
1768.0,23.0,6,223,ATL,SEA
1060.0,16.0,4,1992,DFW,SEA
2327.0,-22.0,5,1158,ATL,DEN
301.0,68.0,5,1210,LAX,MIA
180.0,-11.0,2,745,LAX,SEA
606.0,91.0,2,1831,JFK,BOS
699.0,30.0,5,885,JFK,BOS
992.0,92.0,5,300,LAX,SFO
1139.0,51.0,7,468,ATL,DEN
190.0,31.0,4,896,LAX,MIA
,114.0,3,176,JFK,SFO
980.0,-28.0,2,158,LAX,DEN
2006.0,-18.0,7,530,LAX,SEA
1184.0,89.0,7,737,ATL,BOS
127.0,94.0,3,1623,DFW,MIA
2065.0,58.0,7,208,JFK,BOS
1816.0,42.0,4,1859,ATL,SEA
1758.0,37.0,5,1107,LAX,DEN
569.0,111.0,6,1401,LAX,SEA
1346.0,70.0,3,167,DFW,SEA
1895.0,67.0,5,1192,JFK,BOS
625.0,-20.0,5,1288,JFK,MIA
1686.0,74.0,1,1612,ORD,SEA
154.0,36.0,3,404,JFK,BOS
1409.0,92.0,7,773,DFW,MIA
784.0,-2.0,6,464,ORD,DEN
245.0,106.0,3,1977,ORD,DEN
,45.0,7,920,LAX,SFO
1705.0,-22.0,5,1502,LAX,BOS
537.0,9.0,6,442,JFK,MIA
1890.0,-6.0,7,1046,ORD,SEA
1841.0,-26.0,4,998,LAX,DEN
,108.0,7,1677,DFW,MIA
524.0,93.0,1,1477,LAX,BOS
1529.0,7.0,5,1539,LAX,SFO
35.0,41.0,7,1232,ORD,DEN
684.0,102.0,2,1686,ORD,MIA
19.0,59.0,2,861,ATL,MIA
2368.0,115.0,1,1620,DFW,MIA
399.0,6.0,4,440,ORD,BOS
971.0,29.0,5,1041,JFK,BOS
,-3.0,3,482,DFW,BOS
1166.0,50.0,1,1103,DFW,SEA
1115.0,83.0,4,1656,ORD,MIA
833.0,9.0,3,399,DFW,DEN
1823.0,14.0,2,238,ORD,BOS
1982.0,31.0,2,458,LAX,BOS
853.0,62.0,3,935,ATL,MIA
50.0,84.0,1,1622,LAX,BOS
574.0,36.0,2,1508,ORD,SEA
1148.0,25.0,5,1727,ORD,SEA
2197.0,9.0,6,1403,LAX,BOS
2361.0,67.0,7,1760,JFK,MIA
2352.0,9.0,3,582,JFK,MIA
1715.0,60.0,3,1008,JFK,MIA
,2.0,2,1234,ORD,SFO
837.0,-25.0,1,965,DFW,BOS
1077.0,116.0,5,238,ORD,MIA
2311.0,49.0,1,1095,DFW,SEA
1595.0,,4,534,LAX,DEN
4.0,66.0,4,608,ATL,DEN
,28.0,6,372,DFW,MIA
1219.0,28.0,2,1222,JFK,DEN
773.0,17.0,2,1887,ORD,DEN
876.0,-18.0,2,1973,LAX,SFO
991.0,76.0,6,203,JFK,SEA
46.0,14.0,4,1337,LAX,SEA
268.0,58.0,1,1884,ATL,SFO
369.0,69.0,6,1787,ORD,SFO
635.0,,6,861,ORD,DEN
1129.0,102.0,1,886,ATL,BOS
1693.0,14.0,2,264,ORD,DEN
1682.0,27.0,5,1098,DFW,SFO
656.0,0.0,1,1976,LAX,SEA
119.0,-8.0,4,619,JFK,DEN
830.0,107.0,3,1407,ATL,BOS
1810.0,76.0,3,616,DFW,DEN
1081.0,8.0,7,756,JFK,MIA
1974.0,51.0,7,712,JFK,DEN
1369.0,69.0,6,263,ATL,SFO
740.0,-29.0,3,1782,DFW,SEA
116.0,46.0,5,163,JFK,SEA
1853.0,-19.0,2,1214,JFK,SFO
1150.0,8.0,4,1240,DFW,MIA
1931.0,-18.0,7,1989,ORD,SFO
1012.0,15.0,5,366,JFK,DEN
1664.0,82.0,4,1945,LAX,SFO
1081.0,-14.0,4,1808,DFW,SFO
633.0,73.0,2,1682,JFK,MIA
512.0,67.0,6,1263,ATL,DEN
1119.0,57.0,3,345,LAX,BOS
1141.0,78.0,2,1784,JFK,BOS
559.0,39.0,5,1881,LAX,SEA
487.0,43.0,6,494,LAX,SFO
896.0,32.0,5,1610,ORD,SEA
1212.0,29.0,6,575,LAX,MIA
703.0,48.0,7,1640,ORD,BOS
,6.0,5,1076,DFW,SFO
580.0,-9.0,2,1307,ORD,MIA
2294.0,117.0,6,1143,ATL,MIA
153.0,65.0,6,657,JFK,SFO
1679.0,37.0,4,1117,DFW,MIA
996.0,-14.0,4,1647,DFW,SFO
1243.0,-19.0,1,1705,ATL,SFO
1092.0,119.0,5,1652,ORD,DEN
1008.0,114.0,4,982,JFK,SEA
2141.0,107.0,1,246,ORD,MIA
1773.0,87.0,7,765,LAX,MIA
957.0,-9.0,7,1427,ORD,DEN
452.0,89.0,4,719,DFW,DEN
1227.0,19.0,5,1871,JFK,DEN
2265.0,-17.0,6,919,ORD,BOS
2388.0,-2.0,3,963,JFK,BOS
550.0,94.0,5,681,JFK,BOS
1635.0,-24.0,2,1122,LAX,SFO
1312.0,-2.0,7,794,LAX,MIA
1757.0,108.0,4,1885,DFW,SEA
356.0,2.0,4,1351,ATL,SFO
2070.0,103.0,6,1225,JFK,MIA
1785.0,80.0,2,1710,ATL,MIA
1781.0,48.0,6,1540,DFW,DEN
1631.0,27.0,2,1339,JFK,DEN
1015.0,-5.0,3,506,JFK,SFO
,-2.0,7,498,ATL,DEN
515.0,-27.0,4,814,ORD,MIA
335.0,68.0,4,803,LAX,DEN
1782.0,110.0,3,860,ORD,BOS
2305.0,8.0,1,598,ATL,DEN
,,7,1877,LAX,MIA
895.0,88.0,6,1588,ORD,SFO
2207.0,-2.0,3,1814,LAX,SEA
851.0,44.0,6,1073,JFK,DEN
1687.0,85.0,5,1854,ORD,MIA
1931.0,1.0,4,181,LAX,SEA
1568.0,99.0,6,703,LAX,SEA
956.0,53.0,2,1810,LAX,BOS
1636.0,-9.0,6,1874,ORD,SEA
1291.0,-4.0,5,871,DFW,MIA
1440.0,50.0,7,1002,ORD,MIA
1191.0,95.0,4,464,ATL,DEN
1066.0,61.0,3,262,ORD,DEN
284.0,-10.0,5,1171,LAX,DEN
11.0,,4,610,JFK,SEA
1630.0,,6,1452,ORD,SEA
753.0,53.0,7,1963,ORD,BOS
2082.0,-25.0,1,215,LAX,DEN
89.0,116.0,7,1040,JFK,SFO
775.0,,1,1972,JFK,BOS
1625.0,-30.0,2,436,ATL,SFO
417.0,27.0,7,980,ORD,SEA
114.0,93.0,4,836,JFK,BOS
616.0,-16.0,1,1987,JFK,BOS
825.0,33.0,3,939,DFW,MIA
1649.0,-6.0,4,246,DFW,SEA
1516.0,-7.0,3,1698,JFK,SEA
412.0,-19.0,7,1929,ATL,BOS
728.0,-13.0,3,1446,JFK,SEA
675.0,-16.0,1,542,LAX,BOS
1892.0,-4.0,4,936,ORD,MIA
2239.0,41.0,6,1136,ATL,BOS
1122.0,29.0,5,1042,LAX,SEA
1571.0,114.0,1,1617,ATL,SEA
977.0,62.0,1,1824,LAX,BOS
1008.0,22.0,6,386,ORD,BOS
2143.0,-23.0,4,819,ORD,BOS
1687.0,48.0,4,1237,DFW,DEN
36.0,-4.0,7,579,LAX,SEA
1548.0,19.0,3,121,DFW,SEA
2326.0,100.0,7,1472,LAX,DEN
2264.0,62.0,6,1849,DFW,BOS
872.0,-7.0,7,782,ORD,MIA
1821.0,29.0,6,1958,ATL,BOS
1296.0,91.0,4,1689,DFW,BOS
,100.0,3,1005,LAX,DEN
595.0,117.0,7,1933,LAX,SEA
1903.0,15.0,1,419,ORD,BOS
728.0,-16.0,2,225,LAX,SEA
1365.0,-14.0,5,376,JFK,SFO
396.0,95.0,1,1327,ATL,SEA
698.0,53.0,4,293,DFW,MIA
2224.0,-22.0,5,1804,ATL,MIA
1635.0,32.0,2,1787,ORD,BOS
395.0,86.0,2,1670,DFW,SEA
75.0,99.0,3,795,DFW,BOS
264.0,57.0,5,1409,JFK,DEN
,41.0,3,156,ORD,MIA
717.0,108.0,1,1857,LAX,BOS
850.0,33.0,6,1426,JFK,DEN
1390.0,41.0,6,1286,JFK,BOS
143.0,-10.0,6,118,ATL,SEA
884.0,-13.0,5,1493,ATL,SEA
395.0,33.0,6,363,ATL,SEA
1492.0,51.0,1,893,JFK,SEA
1167.0,79.0,3,212,LAX,SFO
1062.0,64.0,5,1611,DFW,DEN
2156.0,1.0,3,1450,ATL,DEN
1065.0,-20.0,5,641,LAX,SEA
1209.0,14.0,3,746,ORD,SFO
633.0,2.0,2,678,ATL,SEA
1156.0,71.0,3,1188,DFW,SFO
1238.0,105.0,6,1415,ORD,SEA
732.0,-20.0,2,124,ORD,MIA
234.0,57.0,3,1672,DFW,MIA
750.0,10.0,5,100,ATL,BOS
953.0,114.0,5,1010,JFK,SEA
1542.0,45.0,5,1672,DFW,DEN
1197.0,90.0,4,240,DFW,BOS
1676.0,15.0,1,1867,DFW,MIA
1191.0,49.0,5,747,ORD,SEA
,23.0,2,287,LAX,BOS
1416.0,55.0,5,1251,JFK,SEA
1217.0,61.0,4,300,ATL,MIA
1540.0,117.0,6,1250,ATL,BOS
2076.0,66.0,2,356,LAX,MIA
1445.0,-29.0,4,1799,DFW,SFO
2386.0,2.0,6,646,JFK,MIA
1519.0,46.0,7,293,ATL,SEA
1388.0,85.0,7,802,ATL,DEN
1856.0,119.0,2,1227,DFW,MIA
1365.0,72.0,3,1658,LAX,DEN
499.0,72.0,1,1388,JFK,SFO
1680.0,59.0,1,901,LAX,BOS
510.0,91.0,4,1041,LAX,BOS
216.0,112.0,6,1507,JFK,DEN
1324.0,75.0,1,1383,JFK,BOS
1155.0,88.0,6,513,ATL,MIA
1827.0,18.0,6,1481,ATL,DEN
1810.0,,4,1198,JFK,SEA
1205.0,30.0,4,1478,ORD,MIA
2214.0,92.0,4,1707,ATL,MIA
90.0,103.0,1,1894,ORD,MIA
713.0,-22.0,7,1009,JFK,SEA
1881.0,,4,287,ATL,SFO
38.0,42.0,1,1808,LAX,BOS
172.0,72.0,4,1413,JFK,DEN
652.0,10.0,5,144,DFW,SFO
753.0,83.0,6,1696,ORD,DEN
1243.0,-23.0,4,182,JFK,BOS
1081.0,41.0,2,1246,JFK,SEA
1683.0,61.0,6,457,ATL,MIA
455.0,31.0,6,1651,ATL,MIA
828.0,53.0,4,1189,ATL,SEA
894.0,31.0,7,1035,DFW,SFO
1384.0,80.0,3,1780,ATL,SFO
1958.0,96.0,7,474,JFK,DEN
1996.0,-24.0,4,261,ATL,SEA
2395.0,53.0,6,1869,LAX,SFO
189.0,101.0,2,1503,ATL,SEA
504.0,103.0,6,1779,DFW,BOS
1214.0,27.0,7,1481,LAX,MIA
1531.0,-9.0,2,1311,JFK,MIA
823.0,96.0,1,421,JFK,MIA
928.0,-28.0,5,549,ORD,SEA
933.0,96.0,6,1597,LAX,SEA
1140.0,10.0,4,1136,ORD,DEN
133.0,75.0,1,283,LAX,MIA
2105.0,-17.0,5,210,LAX,DEN
684.0,-19.0,4,607,DFW,MIA
2220.0,56.0,3,1413,ORD,DEN
1852.0,-19.0,4,394,DFW,DEN
814.0,110.0,2,1574,LAX,BOS
1172.0,-6.0,2,1003,JFK,DEN
79.0,14.0,3,1338,LAX,SEA
,91.0,1,1073,DFW,DEN
,116.0,5,731,ORD,MIA
1699.0,24.0,4,1690,ORD,DEN
1250.0,,2,1150,DFW,SFO
1682.0,105.0,1,1753,ORD,MIA
1555.0,88.0,3,832,ATL,SFO
2094.0,22.0,7,1354,JFK,MIA
1256.0,,6,1688,JFK,SEA
1549.0,20.0,7,1930,JFK,SEA
1166.0,13.0,7,420,ORD,SEA
1396.0,51.0,2,1012,ORD,SFO
470.0,115.0,3,1356,LAX,BOS
1035.0,,4,1793,LAX,MIA
1353.0,6.0,7,536,JFK,SEA
967.0,65.0,7,880,ATL,MIA
357.0,25.0,5,1656,LAX,SFO
667.0,74.0,2,1526,LAX,BOS
372.0,28.0,2,1176,ORD,SFO
1031.0,100.0,4,1910,ATL,MIA
1145.0,4.0,6,1436,JFK,BOS
1371.0,62.0,1,1404,LAX,BOS
89.0,66.0,5,825,ATL,SFO
539.0,104.0,2,130,ATL,SEA
868.0,45.0,5,436,JFK,MIA
40.0,18.0,2,282,ATL,DEN
739.0,63.0,5,1146,ATL,DEN
1946.0,-7.0,3,643,ATL,SFO
1224.0,117.0,7,1569,LAX,MIA
928.0,6.0,2,1197,JFK,MIA
2036.0,-27.0,5,1133,ATL,SFO
924.0,77.0,1,1607,ATL,MIA
1581.0,95.0,3,1579,LAX,SEA
389.0,-11.0,3,1689,JFK,SFO
1617.0,19.0,1,1687,ORD,SEA
255.0,65.0,5,759,LAX,MIA
708.0,74.0,4,259,JFK,SFO
1838.0,86.0,1,1137,ATL,MIA
1944.0,67.0,5,1301,JFK,SFO
,35.0,1,511,JFK,MIA
797.0,48.0,1,1111,JFK,SEA
876.0,-25.0,2,152,ORD,SEA
1028.0,8.0,5,507,JFK,MIA
1015.0,84.0,4,946,ORD,SFO
1824.0,94.0,7,1145,ATL,DEN
373.0,-19.0,2,1153,ORD,SEA
2193.0,100.0,1,802,ATL,SEA
223.0,-13.0,7,359,ATL,DEN
1262.0,9.0,6,1328,ORD,MIA
2224.0,-10.0,7,1182,LAX,SFO
1802.0,112.0,1,1594,DFW,MIA
852.0,68.0,1,875,JFK,BOS
62.0,-5.0,5,1589,DFW,SEA
1240.0,-23.0,5,1135,JFK,BOS
688.0,69.0,2,1754,JFK,SEA
1484.0,56.0,4,1413,ATL,SEA
1633.0,11.0,2,949,JFK,BOS
2152.0,-17.0,3,1883,JFK,BOS
510.0,47.0,1,453,ORD,MIA
384.0,-29.0,7,1762,DFW,BOS
404.0,88.0,6,1198,ORD,MIA
517.0,6.0,1,972,JFK,MIA
475.0,38.0,1,1839,ATL,MIA
2000.0,10.0,2,1684,ORD,SEA
1668.0,31.0,6,1714,ORD,SEA
1893.0,29.0,6,1564,LAX,BOS
1460.0,94.0,6,1090,JFK,SEA
713.0,80.0,2,1364,ATL,BOS
82.0,-17.0,1,1117,ORD,SEA
1168.0,53.0,2,1984,ORD,SFO
1901.0,99.0,5,1277,ATL,SFO
2048.0,39.0,5,1909,JFK,BOS
50.0,114.0,2,1219,LAX,SEA
684.0,92.0,6,1849,ORD,SEA
716.0,58.0,1,393,LAX,MIA
1469.0,-3.0,2,308,DFW,DEN
448.0,35.0,2,1466,JFK,BOS
880.0,-26.0,2,1211,DFW,DEN
487.0,14.0,3,917,DFW,DEN
1823.0,16.0,5,1899,DFW,BOS
2081.0,0.0,7,489,JFK,SEA
2142.0,108.0,6,424,JFK,BOS
1574.0,-21.0,4,1039,ATL,DEN
2201.0,87.0,7,988,LAX,SEA
249.0,-17.0,6,1955,LAX,SFO
673.0,49.0,4,1280,ATL,BOS
437.0,62.0,3,767,ATL,BOS
2165.0,-21.0,2,1774,DFW,SEA
,45.0,3,732,ATL,SFO
267.0,63.0,3,676,ORD,SFO
1984.0,74.0,7,1742,LAX,SEA
1077.0,-30.0,1,1782,ATL,MIA
,102.0,7,236,ORD,BOS
388.0,-11.0,5,1797,ORD,BOS
762.0,-23.0,4,527,ORD,DEN
1848.0,-30.0,2,1575,ORD,SEA
623.0,26.0,7,711,DFW,DEN
1252.0,33.0,4,1973,ORD,DEN
577.0,87.0,6,1010,DFW,SFO
2122.0,-3.0,4,918,DFW,BOS
434.0,90.0,6,240,ORD,DEN
2150.0,76.0,7,1206,LAX,SFO
763.0,18.0,5,276,ORD,SEA
1329.0,89.0,7,297,ORD,DEN
2145.0,13.0,6,723,ORD,BOS
1358.0,25.0,4,1691,LAX,DEN
446.0,80.0,4,790,JFK,SEA
2017.0,103.0,6,1544,JFK,DEN
1331.0,77.0,3,500,DFW,BOS
248.0,117.0,5,1821,DFW,SFO
165.0,83.0,1,570,LAX,BOS
1358.0,47.0,2,317,ATL,SFO
1019.0,,4,1028,JFK,MIA
,6.0,2,1951,DFW,BOS
758.0,-11.0,1,1852,JFK,BOS
2128.0,-5.0,7,731,LAX,SEA
2180.0,-2.0,2,1050,LAX,DEN
,-30.0,1,1005,ATL,SFO
137.0,88.0,6,274,ATL,SFO
2231.0,4.0,3,122,LAX,SEA
1353.0,28.0,4,1848,DFW,SEA
1875.0,38.0,1,334,JFK,DEN
,-19.0,2,1136,ORD,DEN
2100.0,-11.0,4,1224,ATL,BOS
1473.0,12.0,3,1028,ORD,MIA
204.0,95.0,6,1659,DFW,DEN
2173.0,19.0,7,1999,ATL,SEA
42.0,-2.0,4,622,ORD,DEN
1906.0,8.0,7,1908,DFW,SFO
2158.0,7.0,1,1575,JFK,MIA
760.0,53.0,3,530,DFW,BOS
2142.0,97.0,2,892,ATL,SFO
1994.0,95.0,3,1729,LAX,SFO
1935.0,14.0,3,1836,JFK,MIA
899.0,21.0,5,632,ORD,BOS
359.0,49.0,3,1975,ATL,SEA
1719.0,93.0,3,1078,LAX,BOS
280.0,88.0,4,1846,DFW,DEN
1887.0,-23.0,2,1775,LAX,SFO
666.0,54.0,4,1416,ATL,DEN
92.0,98.0,4,909,ATL,SEA
671.0,-23.0,1,1012,LAX,DEN
1969.0,65.0,4,1224,DFW,BOS
60.0,71.0,5,1625,LAX,DEN
1028.0,-26.0,5,1427,ATL,SEA
1489.0,,7,970,ATL,SEA
603.0,3.0,1,639,ORD,SEA
681.0,24.0,7,1123,ORD,BOS
1428.0,88.0,7,1676,JFK,SEA
2280.0,83.0,6,1478,ATL,SFO
523.0,114.0,2,1426,ORD,SEA
2393.0,-5.0,2,1619,LAX,DEN
1968.0,105.0,4,1781,DFW,DEN
1101.0,16.0,4,1891,LAX,DEN
1753.0,82.0,6,326,DFW,BOS
1836.0,45.0,4,1359,ORD,DEN
,41.0,2,972,JFK,BOS
2094.0,,7,991,LAX,BOS
1144.0,15.0,3,1578,LAX,SEA
2261.0,2.0,5,1136,LAX,SFO
2286.0,-30.0,3,309,DFW,SEA
1079.0,116.0,3,840,ORD,SEA
2397.0,0.0,2,496,LAX,BOS
106.0,111.0,3,1223,LAX,BOS
47.0,22.0,6,130,JFK,DEN
336.0,17.0,1,997,JFK,DEN
1049.0,38.0,4,1651,ORD,SEA
1280.0,74.0,1,748,ORD,MIA
2055.0,59.0,7,428,ATL,MIA
624.0,32.0,5,1289,JFK,DEN
1890.0,42.0,4,1582,ATL,MIA
1276.0,58.0,3,1945,DFW,DEN
1715.0,-18.0,5,1051,ATL,BOS
302.0,42.0,4,1223,LAX,SEA
638.0,46.0,6,720,ATL,SFO
55.0,37.0,6,1978,ORD,SEA
725.0,67.0,6,1296,DFW,DEN
525.0,94.0,6,1872,LAX,DEN
473.0,71.0,3,261,ATL,SEA
27.0,101.0,1,1851,DFW,DEN
2125.0,71.0,4,875,DFW,MIA
364.0,-12.0,3,1386,LAX,MIA
525.0,51.0,6,1927,ATL,DEN
1335.0,110.0,7,373,DFW,DEN
,-8.0,1,1126,DFW,MIA
1030.0,52.0,7,1151,JFK,DEN
1026.0,78.0,5,425,DFW,DEN
1646.0,44.0,7,1039,JFK,SEA
918.0,98.0,5,1272,ATL,SFO
1774.0,57.0,5,639,ATL,MIA
1531.0,23.0,6,587,ATL,SEA
1906.0,58.0,5,921,ORD,SFO
1215.0,112.0,2,1561,ATL,DEN
1654.0,34.0,4,1188,DFW,DEN
484.0,45.0,4,455,LAX,SEA
,112.0,6,1656,JFK,DEN
,118.0,2,1375,ORD,BOS
1062.0,116.0,7,334,ATL,SEA
1976.0,29.0,3,326,ATL,SFO
1296.0,62.0,7,1648,LAX,SEA
1254.0,18.0,3,1436,LAX,MIA
2133.0,4.0,5,148,ORD,SEA
125.0,71.0,1,217,JFK,DEN
536.0,-20.0,3,153,ATL,DEN
2192.0,68.0,1,1773,ORD,BOS
2072.0,79.0,4,664,DFW,BOS
1603.0,43.0,1,1167,DFW,BOS
66.0,,4,1938,ORD,SFO
232.0,-28.0,2,152,ATL,BOS
2156.0,54.0,2,1709,ORD,SFO
1169.0,-5.0,6,657,ATL,BOS
2158.0,41.0,6,1648,LAX,SFO
2275.0,17.0,5,1800,ORD,SEA
110.0,86.0,3,1225,ATL,SEA
1493.0,-19.0,5,1915,ORD,DEN
2081.0,102.0,4,1893,ORD,SFO
622.0,17.0,5,1972,ATL,MIA
1541.0,6.0,1,967,ATL,DEN
1305.0,13.0,4,497,JFK,SEA
1761.0,-16.0,6,1261,ORD,SFO
1975.0,12.0,2,774,DFW,BOS
2362.0,56.0,6,486,ORD,MIA
876.0,39.0,3,210,ORD,SEA
1989.0,15.0,4,713,ATL,DEN
1312.0,77.0,4,116,ORD,SFO
1460.0,92.0,1,1903,ORD,MIA
2324.0,-10.0,3,1305,DFW,SFO
1733.0,76.0,2,983,ATL,BOS
1605.0,49.0,7,1659,ORD,DEN
1526.0,16.0,4,640,LAX,SFO
2397.0,86.0,4,270,JFK,SEA
1630.0,93.0,1,508,DFW,DEN
1160.0,112.0,5,839,ORD,SEA
758.0,-6.0,2,1501,LAX,SFO
242.0,5.0,6,1311,ORD,DEN
1063.0,20.0,3,957,ORD,SEA
228.0,-16.0,4,329,ATL,BOS
919.0,37.0,4,1956,ATL,BOS
1246.0,-10.0,6,1975,ATL,SFO
5.0,110.0,2,218,LAX,DEN
467.0,-12.0,5,1279,ORD,MIA
1755.0,3.0,4,883,JFK,DEN
74.0,47.0,2,1810,DFW,BOS
3.0,94.0,6,564,ATL,SEA
1870.0,86.0,1,203,ATL,MIA
645.0,21.0,5,1727,ORD,SFO
117.0,-4.0,3,797,ORD,MIA
1629.0,4.0,4,1918,LAX,SFO
2021.0,105.0,2,1625,LAX,MIA
946.0,113.0,1,1816,ATL,SFO
1464.0,75.0,3,1805,ORD,SFO
193.0,115.0,7,1822,JFK,MIA
846.0,-29.0,2,274,DFW,MIA
1415.0,46.0,2,1857,ORD,SFO
1458.0,101.0,3,844,ORD,BOS
2220.0,59.0,1,1797,LAX,MIA
1668.0,58.0,7,1544,DFW,DEN
2373.0,63.0,6,1257,ATL,SEA
,-24.0,1,1514,ORD,SFO
1141.0,64.0,5,1859,ATL,SFO
1810.0,77.0,4,1624,ORD,SEA
,43.0,3,764,ATL,BOS
224.0,8.0,6,132,DFW,SEA
531.0,110.0,7,154,LAX,MIA
112.0,40.0,3,618,DFW,SEA
2187.0,25.0,3,855,JFK,SFO
558.0,11.0,1,1948,LAX,SEA
2048.0,5.0,4,1761,DFW,DEN
2137.0,53.0,5,111,JFK,MIA
653.0,87.0,2,1651,ORD,SEA
319.0,-24.0,2,819,ORD,SFO
1573.0,23.0,3,654,ATL,MIA
1828.0,98.0,4,472,LAX,SFO
1917.0,89.0,7,583,ORD,BOS
138.0,75.0,7,1072,LAX,DEN
2026.0,16.0,6,1770,ORD,BOS
2306.0,,1,1351,ATL,DEN
901.0,110.0,4,722,DFW,SEA
689.0,88.0,4,406,ATL,MIA
2039.0,119.0,1,556,JFK,SEA
9.0,87.0,7,259,ORD,DEN
260.0,-10.0,7,430,JFK,DEN
1942.0,106.0,7,875,JFK,DEN
1673.0,-5.0,3,324,LAX,SFO
2219.0,-22.0,4,1082,ORD,MIA
2060.0,-16.0,2,828,JFK,SEA
1191.0,-21.0,1,1627,DFW,SEA
1619.0,91.0,7,1579,JFK,BOS
320.0,90.0,6,1168,DFW,DEN
1342.0,94.0,7,1337,LAX,DEN
1636.0,41.0,7,1182,JFK,DEN
2376.0,18.0,5,743,ATL,SEA
1994.0,60.0,3,715,LAX,BOS
1943.0,6.0,1,294,DFW,SFO
2038.0,37.0,5,588,LAX,MIA
1118.0,19.0,5,256,JFK,SFO
1604.0,-12.0,6,709,ORD,SEA
2365.0,69.0,4,1349,ORD,DEN
235.0,29.0,6,511,DFW,MIA
1969.0,58.0,4,1328,DFW,SEA
333.0,115.0,4,1202,ORD,SEA
1908.0,116.0,1,1247,DFW,SEA
375.0,38.0,7,570,LAX,MIA
1160.0,18.0,1,1341,ATL,MIA
1570.0,77.0,3,615,ATL,BOS
1319.0,88.0,4,1725,LAX,BOS
1855.0,118.0,5,1227,ATL,SFO
1372.0,119.0,7,492,JFK,MIA
872.0,6.0,2,730,LAX,MIA
1252.0,112.0,3,1768,DFW,MIA
2317.0,-20.0,1,1947,LAX,BOS
1851.0,107.0,6,707,ORD,SEA
1314.0,47.0,3,1079,DFW,DEN
724.0,46.0,3,533,ORD,BOS
2052.0,-29.0,7,1454,DFW,MIA
,33.0,3,1266,ATL,BOS
,4.0,3,1923,LAX,SFO
600.0,-24.0,2,639,JFK,MIA
1772.0,54.0,6,377,DFW,SFO
1065.0,115.0,6,332,DFW,MIA
2136.0,36.0,6,1652,ORD,BOS
2343.0,11.0,4,1694,ATL,SEA
,87.0,5,1213,ORD,DEN
1318.0,94.0,6,1615,ORD,SFO
,-7.0,3,1322,ATL,BOS
1888.0,15.0,3,461,JFK,SEA
1046.0,-12.0,6,1564,ORD,BOS
574.0,37.0,7,125,ORD,SFO
2190.0,71.0,6,1148,DFW,DEN
992.0,11.0,3,1517,ATL,BOS
2192.0,1.0,4,606,LAX,MIA
1248.0,78.0,1,1424,JFK,SEA
502.0,5.0,1,1462,JFK,BOS
1997.0,66.0,6,366,ATL,SEA
820.0,100.0,2,560,DFW,MIA
2151.0,42.0,6,1816,DFW,DEN
1970.0,105.0,7,555,ATL,DEN
197.0,66.0,6,1483,DFW,MIA
1669.0,92.0,1,1191,JFK,SEA
1202.0,39.0,3,1106,JFK,BOS
1471.0,-18.0,6,962,LAX,MIA
1646.0,18.0,3,1535,ATL,SFO
1692.0,,3,590,ORD,SEA
1312.0,99.0,2,1956,ORD,DEN
2035.0,-26.0,3,1172,LAX,MIA
477.0,-4.0,1,1810,LAX,DEN
1254.0,118.0,4,663,DFW,SEA
922.0,-23.0,4,1225,LAX,DEN
419.0,19.0,5,315,LAX,MIA
2204.0,36.0,7,1561,ORD,SEA
1120.0,13.0,6,1823,DFW,SFO
950.0,94.0,7,1692,LAX,MIA
2336.0,27.0,1,658,LAX,BOS
1277.0,-28.0,3,258,DFW,MIA
2243.0,55.0,4,588,ATL,SEA
1857.0,39.0,7,785,DFW,MIA
516.0,99.0,1,1365,ORD,SFO
1658.0,-29.0,4,893,ATL,SFO
1865.0,71.0,3,1876,JFK,BOS
1141.0,4.0,7,104,DFW,DEN
1932.0,67.0,4,1719,ORD,SEA
814.0,-1.0,6,1943,ATL,SEA
,85.0,6,460,DFW,DEN
1900.0,-23.0,5,558,LAX,SFO
2263.0,119.0,5,347,DFW,SFO
2062.0,13.0,4,1689,JFK,MIA
2094.0,5.0,1,1796,DFW,BOS
2371.0,46.0,6,1045,ATL,BOS
129.0,0.0,1,521,ATL,BOS
,16.0,1,1861,DFW,MIA
1955.0,24.0,4,114,ATL,BOS
793.0,75.0,1,835,LAX,DEN
1834.0,90.0,6,1696,DFW,MIA
2116.0,,3,1245,LAX,DEN
1683.0,113.0,5,376,LAX,MIA
10.0,-19.0,3,1681,ORD,BOS
1865.0,114.0,1,552,DFW,DEN
711.0,113.0,3,1513,ATL,DEN
2070.0,109.0,6,1417,LAX,DEN
814.0,105.0,6,1697,ORD,MIA
345.0,-28.0,1,697,DFW,SEA
2349.0,113.0,4,545,DFW,BOS
362.0,-1.0,3,309,JFK,DEN
2265.0,-8.0,4,1713,JFK,SEA
2188.0,61.0,4,813,LAX,BOS
984.0,84.0,2,401,JFK,BOS
1639.0,73.0,1,1346,LAX,DEN
827.0,87.0,5,1857,ATL,DEN
355.0,-26.0,6,102,LAX,MIA
1347.0,73.0,6,1089,JFK,SEA
1863.0,77.0,1,1641,ATL,SEA
126.0,34.0,7,1216,JFK,DEN
603.0,90.0,7,619,LAX,BOS
1928.0,-1.0,7,1551,ORD,DEN
1013.0,118.0,5,592,DFW,BOS
50.0,53.0,6,1358,JFK,BOS
1430.0,119.0,1,719,LAX,DEN
1792.0,1.0,6,1284,ATL,SFO
1636.0,-15.0,4,1844,JFK,SEA
1645.0,7.0,3,1875,JFK,BOS
1205.0,111.0,3,430,DFW,BOS
1854.0,5.0,6,432,LAX,SFO
566.0,83.0,2,149,ORD,MIA
935.0,35.0,5,1646,ATL,SFO
1934.0,74.0,7,962,LAX,SFO
1332.0,,5,1791,ATL,BOS
,-29.0,5,1615,JFK,SEA
2360.0,44.0,4,1705,DFW,SFO
116.0,36.0,5,1804,DFW,MIA
936.0,24.0,3,371,ORD,DEN
574.0,-25.0,4,679,DFW,SFO
2291.0,119.0,1,1990,JFK,SFO
536.0,112.0,5,1375,ORD,MIA
1625.0,55.0,5,659,LAX,SEA
2122.0,29.0,1,795,DFW,SFO
385.0,70.0,5,1955,ORD,SFO
474.0,-19.0,1,1822,JFK,SEA
417.0,18.0,4,1213,ATL,MIA
2394.0,11.0,3,545,ATL,SFO
938.0,51.0,1,1116,JFK,SEA
954.0,4.0,2,1455,JFK,SFO
875.0,103.0,1,1262,ATL,DEN
762.0,36.0,5,456,ORD,BOS
1202.0,49.0,7,1724,ATL,DEN
1205.0,-24.0,7,373,JFK,SFO
663.0,-17.0,4,1142,DFW,MIA
24.0,42.0,6,410,LAX,BOS
1990.0,112.0,4,969,DFW,DEN
1203.0,118.0,6,985,DFW,SEA
709.0,35.0,7,253,JFK,MIA
1879.0,60.0,7,1513,ATL,DEN
1184.0,99.0,1,1383,ORD,SEA
2224.0,-11.0,3,719,DFW,SFO
284.0,-21.0,2,982,ATL,SEA
62.0,-6.0,4,896,ORD,DEN
1002.0,-6.0,5,1694,DFW,DEN
661.0,23.0,6,224,ORD,SFO
,2.0,5,1477,ATL,SEA
1492.0,64.0,3,1396,LAX,SEA
966.0,-17.0,6,718,ATL,SFO
848.0,34.0,4,1934,JFK,SEA
1107.0,79.0,1,344,ORD,SFO
688.0,49.0,5,947,LAX,MIA
147.0,23.0,3,549,ORD,DEN
341.0,94.0,4,1029,ORD,MIA
1086.0,100.0,7,1370,DFW,BOS
1724.0,103.0,7,619,JFK,BOS
1383.0,-6.0,4,1264,ORD,BOS
326.0,110.0,4,461,ATL,SFO
1792.0,86.0,4,107,ATL,SEA
1759.0,105.0,6,577,DFW,MIA
989.0,118.0,4,1475,JFK,MIA
2262.0,-6.0,5,594,JFK,MIA
951.0,48.0,3,1729,ATL,MIA
722.0,37.0,6,932,LAX,BOS
